Workbook

Sheet Painel
A1: TINNOVA COMPASS · PAINEL DE LEADS
A2: Tudo calculado a partir das três abas de diagnóstico. Não digite nada nesta aba.
A4: VOLUME E CONVERSÃO | G4: COMO LER Prioridade alta = score baixo (≤45) somado a verba aprovada ou orçamento no próximo ciclo. É a combinação de dor real com capacidade de compra. A coluna Frente recomendada mostra qual solução da Tinnova o próprio lead sinalizou precisar. use como abertura de conversa. Todas as fórmulas cobrem da linha 4 até a 504 de cada aba. Passando disso, estenda o intervalo. A coluna Canal separa Web (site), VR (visor com o formulário completo) e VR Demo (visor no modo Demo Tinnova, sem e-mail). Filtre por ela para isolar uma sessão interna. Apague a linha de exemplo (azul, em itálico) de cada aba antes de publicar.
A5: Diagnóstico | B5: Respostas | C5: Score médio | D5: Prioridade alta | E5: Verba aprovada
A6: 01 Maturidade | B6: =COUNTA('01 Maturidade'!B4:B504) -> 1 | C6: =IFERROR(ROUND(AVERAGE('01 Maturidade'!K4:K504),0),0) -> 42 | D6: =COUNTIF('01 Maturidade'!S4:S504,"Alta") -> 1 | E6: =COUNTIF('01 Maturidade'!J4:J504,"Já existe verba aprovada para esse tema") -> 0
A7: 02 Estrutura | B7: =COUNTA('02 Estrutura'!B4:B504) -> 1 | C7: =IFERROR(ROUND(AVERAGE('02 Estrutura'!K4:K504),0),0) -> 55 | D7: =COUNTIF('02 Estrutura'!R4:R504,"Alta") -> 0 | E7: =COUNTIF('02 Estrutura'!J4:J504,"Já existe verba aprovada para esse tema") -> 1
A8: 03 Urgência | B8: =COUNTA('03 Urgência'!B4:B504) -> 1 | C8: =IFERROR(ROUND(AVERAGE('03 Urgência'!K4:K504),0),0) -> 29 | D8: =COUNTIF('03 Urgência'!R4:R504,"Alta") -> 0 | E8: =COUNTIF('03 Urgência'!J4:J504,"Já existe verba aprovada para esse tema") -> 0
A9: TOTAL | B9: =SUM(B6:B8) -> 3 | C9: =IFERROR(ROUND(AVERAGE(C6:C8),0),0) -> 42 | D9: =SUM(D6:D8) -> 1 | E9: =SUM(E6:E8) -> 1
A11: FRENTE RECOMENDADA · DEMANDA POR SOLUÇÃO
A12: Frente | B12: 01 Maturidade | C12: 02 Estrutura | D12: 03 Urgência | E12: Total
A13: AI Portfolio Review | B13: =COUNTIF('01 Maturidade'!R4:R504,$A13) -> 1 | C13: =COUNTIF('02 Estrutura'!Q4:Q504,$A13) -> 0 | D13: =COUNTIF('03 Urgência'!Q4:Q504,$A13) -> 0 | E13: =SUM(B13:D13) -> 1
A14: Data Foundation | B14: =COUNTIF('01 Maturidade'!R4:R504,$A14) -> 0 | C14: =COUNTIF('02 Estrutura'!Q4:Q504,$A14) -> 1 | D14: =COUNTIF('03 Urgência'!Q4:Q504,$A14) -> 0 | E14: =SUM(B14:D14) -> 1
A15: AI Reset | B15: =COUNTIF('01 Maturidade'!R4:R504,$A15) -> 0 | C15: =COUNTIF('02 Estrutura'!Q4:Q504,$A15) -> 0 | D15: =COUNTIF('03 Urgência'!Q4:Q504,$A15) -> 0 | E15: =SUM(B15:D15) -> 0
A16: Automação Inteligente de Processos | B16: =COUNTIF('01 Maturidade'!R4:R504,$A16) -> 0 | C16: =COUNTIF('02 Estrutura'!Q4:Q504,$A16) -> 0 | D16: =COUNTIF('03 Urgência'!Q4:Q504,$A16) -> 1 | E16: =SUM(B16:D16) -> 1
A17: Product & Platform Acceleration | B17: =COUNTIF('01 Maturidade'!R4:R504,$A17) -> 0 | C17: =COUNTIF('02 Estrutura'!Q4:Q504,$A17) -> 0 | D17: =COUNTIF('03 Urgência'!Q4:Q504,$A17) -> 0 | E17: =SUM(B17:D17) -> 0
A19: MOMENTO DE INVESTIMENTO · QUALIDADE DO PIPELINE
A20: Momento | B20: 01 Maturidade | C20: 02 Estrutura | D20: 03 Urgência | E20: Total
A21: Já existe verba aprovada para esse tema | B21: =COUNTIF('01 Maturidade'!J4:J504,$A21) -> 0 | C21: =COUNTIF('02 Estrutura'!J4:J504,$A21) -> 1 | D21: =COUNTIF('03 Urgência'!J4:J504,$A21) -> 0 | E21: =SUM(B21:D21) -> 1
A22: Entra no orçamento do próximo ciclo | B22: =COUNTIF('01 Maturidade'!J4:J504,$A22) -> 1 | C22: =COUNTIF('02 Estrutura'!J4:J504,$A22) -> 0 | D22: =COUNTIF('03 Urgência'!J4:J504,$A22) -> 0 | E22: =SUM(B22:D22) -> 1
A23: Precisaríamos construir o business case primeiro | B23: =COUNTIF('01 Maturidade'!J4:J504,$A23) -> 0 | C23: =COUNTIF('02 Estrutura'!J4:J504,$A23) -> 0 | D23: =COUNTIF('03 Urgência'!J4:J504,$A23) -> 1 | E23: =SUM(B23:D23) -> 1
A24: Ainda estamos explorando o assunto | B24: =COUNTIF('01 Maturidade'!J4:J504,$A24) -> 0 | C24: =COUNTIF('02 Estrutura'!J4:J504,$A24) -> 0 | D24: =COUNTIF('03 Urgência'!J4:J504,$A24) -> 0 | E24: =SUM(B24:D24) -> 0
A26: SETOR
A27: Setor | B27: 01 Maturidade | C27: 02 Estrutura | D27: 03 Urgência | E27: Total
A28: Serviços financeiros, banco ou fintech | B28: =COUNTIF('01 Maturidade'!G4:G504,$A28) -> 0 | C28: =COUNTIF('02 Estrutura'!G4:G504,$A28) -> 1 | D28: =COUNTIF('03 Urgência'!G4:G504,$A28) -> 0 | E28: =SUM(B28:D28) -> 1
A29: Indústria, manufatura ou logística | B29: =COUNTIF('01 Maturidade'!G4:G504,$A29) -> 1 | C29: =COUNTIF('02 Estrutura'!G4:G504,$A29) -> 0 | D29: =COUNTIF('03 Urgência'!G4:G504,$A29) -> 0 | E29: =SUM(B29:D29) -> 1
A30: Varejo, consumo ou e-commerce | B30: =COUNTIF('01 Maturidade'!G4:G504,$A30) -> 0 | C30: =COUNTIF('02 Estrutura'!G4:G504,$A30) -> 0 | D30: =COUNTIF('03 Urgência'!G4:G504,$A30) -> 1 | E30: =SUM(B30:D30) -> 1
A31: Saúde, educação ou serviços regulados | B31: =COUNTIF('01 Maturidade'!G4:G504,$A31) -> 0 | C31: =COUNTIF('02 Estrutura'!G4:G504,$A31) -> 0 | D31: =COUNTIF('03 Urgência'!G4:G504,$A31) -> 0 | E31: =SUM(B31:D31) -> 0
A32: Tecnologia, software ou serviços profissionais | B32: =COUNTIF('01 Maturidade'!G4:G504,$A32) -> 0 | C32: =COUNTIF('02 Estrutura'!G4:G504,$A32) -> 0 | D32: =COUNTIF('03 Urgência'!G4:G504,$A32) -> 0 | E32: =SUM(B32:D32) -> 0

Sheet 01 Maturidade
A1: TINNOVA COMPASS · MATURIDADE EM IA
A2: Uma linha por resposta. Média de mercado usada como referência: 46 pontos. Colunas em cinza são preenchidas por fórmula. Não digite nelas.
A3: Data | B3: Nome | C3: Empresa | D3: Cargo | E3: E-mail | F3: WhatsApp | G3: Setor | H3: Porte | I3: Dor principal | J3: Momento de investimento | K3: Score | L3: Faixa | M3: Direção | N3: Execução | O3: Pessoas | P3: Governança | Q3: Resultado | R3: Frente recomendada | S3: Prioridade | T3: Duração (seg) | U3: Canal | V3: Origem | W3: Status | X3: Responsável | Y3: Observações
A4: 2026-08-04 09:41 | B4: Ana Ribeiro | C4: Metalúrgica Vertex | D4: Diretora de TI | E4: ana.ribeiro@vertex.com.br | F4: (11) 98888-1234 | G4: Indústria, manufatura ou logística | H4: De 500 a 2.000 pessoas | I4: Saber onde aplicar IA com retorno real | J4: Entra no orçamento do próximo ciclo | K4: 42 | L4: Em construção | M4: 50 | N4: 33 | O4: 50 | P4: 33 | Q4: 50 | R4: AI Portfolio Review | S4: =IF(K4="","",IF(AND(K4<=45,OR(J4="Já existe verba aprovada para esse tema",J4="Entra no orçamento do próximo ciclo")),"Alta",IF(OR(K4<=45,J4="Já existe verba aprovada para esse tema"),"Média","Baixa"))) -> Alta | T4: 168 | U4: Web | V4: https://tinnova.com.br/compass/maturidade | W4: Novo
S5: =IF(K5="","",IF(AND(K5<=45,OR(J5="Já existe verba aprovada para esse tema",J5="Entra no orçamento do próximo ciclo")),"Alta",IF(OR(K5<=45,J5="Já existe verba aprovada para esse tema"),"Média","Baixa")))
S6: =IF(K6="","",IF(AND(K6<=45,OR(J6="Já existe verba aprovada para esse tema",J6="Entra no orçamento do próximo ciclo")),"Alta",IF(OR(K6<=45,J6="Já existe verba aprovada para esse tema"),"Média","Baixa")))
S7: =IF(K7="","",IF(AND(K7<=45,OR(J7="Já existe verba aprovada para esse tema",J7="Entra no orçamento do próximo ciclo")),"Alta",IF(OR(K7<=45,J7="Já existe verba aprovada para esse tema"),"Média","Baixa")))
S8: =IF(K8="","",IF(AND(K8<=45,OR(J8="Já existe verba aprovada para esse tema",J8="Entra no orçamento do próximo ciclo")),"Alta",IF(OR(K8<=45,J8="Já existe verba aprovada para esse tema"),"Média","Baixa")))
S9: =IF(K9="","",IF(AND(K9<=45,OR(J9="Já existe verba aprovada para esse tema",J9="Entra no orçamento do próximo ciclo")),"Alta",IF(OR(K9<=45,J9="Já existe verba aprovada para esse tema"),"Média","Baixa")))
S10: =IF(K10="","",IF(AND(K10<=45,OR(J10="Já existe verba aprovada para esse tema",J10="Entra no orçamento do próximo ciclo")),"Alta",IF(OR(K10<=45,J10="Já existe verba aprovada para esse tema"),"Média","Baixa")))
S11: =IF(K11="","",IF(AND(K11<=45,OR(J11="Já existe verba aprovada para esse tema",J11="Entra no orçamento do próximo ciclo")),"Alta",IF(OR(K11<=45,J11="Já existe verba aprovada para esse tema"),"Média","Baixa")))
S12: =IF(K12="","",IF(AND(K12<=45,OR(J12="Já existe verba aprovada para esse tema",J12="Entra no orçamento do próximo ciclo")),"Alta",IF(OR(K12<=45,J12="Já existe verba aprovada para esse tema"),"Média","Baixa")))
S13: =IF(K13="","",IF(AND(K13<=45,OR(J13="Já existe verba aprovada para esse tema",J13="Entra no orçamento do próximo ciclo")),"Alta",IF(OR(K13<=45,J13="Já existe verba aprovada para esse tema"),"Média","Baixa")))
S14: =IF(K14="","",IF(AND(K14<=45,OR(J14="Já existe verba aprovada para esse tema",J14="Entra no orçamento do próximo ciclo")),"Alta",IF(OR(K14<=45,J14="Já existe verba aprovada para esse tema"),"Média","Baixa")))
S15: =IF(K15="","",IF(AND(K15<=45,OR(J15="Já existe verba aprovada para esse tema",J15="Entra no orçamento do próximo ciclo")),"Alta",IF(OR(K15<=45,J15="Já existe verba aprovada para esse tema"),"Média","Baixa")))
S16: =IF(K16="","",IF(AND(K16<=45,OR(J16="Já existe verba aprovada para esse tema",J16="Entra no orçamento do próximo ciclo")),"Alta",IF(OR(K16<=45,J16="Já existe verba aprovada para esse tema"),"Média","Baixa")))
... S503: =IF(K503="","",IF(AND(K503<=45,OR(J503="Já existe verba aprovada para esse tema",J503="Entra no orçamento do próximo ciclo")),"Alta",IF(OR(K503<=45,J503="Já existe verba aprovada para esse tema"),"Média","Baixa")))

Sheet 02 Estrutura
A1: TINNOVA COMPASS · ESTRUTURA DE DADOS E TECNOLOGIA
A2: Uma linha por resposta. Média de mercado usada como referência: 43 pontos. Colunas em cinza são preenchidas por fórmula. Não digite nelas.
A3: Data | B3: Nome | C3: Empresa | D3: Cargo | E3: E-mail | F3: WhatsApp | G3: Setor | H3: Porte | I3: Dor principal | J3: Momento de investimento | K3: Score | L3: Faixa | M3: Dados | N3: Acesso | O3: Sistemas | P3: Governança | Q3: Frente recomendada | R3: Prioridade | S3: Duração (seg) | T3: Canal | U3: Origem | V3: Status | W3: Responsável | X3: Observações
A4: 2026-08-04 10:15 | B4: Carlos Menezes | C4: Banco Aurora | D4: Head de Dados | E4: carlos.menezes@aurora.com.br | G4: Serviços financeiros, banco ou fintech | H4: Mais de 2.000 pessoas | I4: Organizar os dados para decidir com confiança | J4: Já existe verba aprovada para esse tema | K4: 55 | L4: Base parcial | M4: 67 | N4: 50 | O4: 33 | P4: 67 | Q4: Data Foundation | R4: =IF(K4="","",IF(AND(K4<=45,OR(J4="Já existe verba aprovada para esse tema",J4="Entra no orçamento do próximo ciclo")),"Alta",IF(OR(K4<=45,J4="Já existe verba aprovada para esse tema"),"Média","Baixa"))) -> Média | S4: 142 | T4: VR | U4: https://tinnova.com.br/compass/vr/estrutura | V4: Novo
R5: =IF(K5="","",IF(AND(K5<=45,OR(J5="Já existe verba aprovada para esse tema",J5="Entra no orçamento do próximo ciclo")),"Alta",IF(OR(K5<=45,J5="Já existe verba aprovada para esse tema"),"Média","Baixa")))
R6: =IF(K6="","",IF(AND(K6<=45,OR(J6="Já existe verba aprovada para esse tema",J6="Entra no orçamento do próximo ciclo")),"Alta",IF(OR(K6<=45,J6="Já existe verba aprovada para esse tema"),"Média","Baixa")))
R7: =IF(K7="","",IF(AND(K7<=45,OR(J7="Já existe verba aprovada para esse tema",J7="Entra no orçamento do próximo ciclo")),"Alta",IF(OR(K7<=45,J7="Já existe verba aprovada para esse tema"),"Média","Baixa")))
R8: =IF(K8="","",IF(AND(K8<=45,OR(J8="Já existe verba aprovada para esse tema",J8="Entra no orçamento do próximo ciclo")),"Alta",IF(OR(K8<=45,J8="Já existe verba aprovada para esse tema"),"Média","Baixa")))
R9: =IF(K9="","",IF(AND(K9<=45,OR(J9="Já existe verba aprovada para esse tema",J9="Entra no orçamento do próximo ciclo")),"Alta",IF(OR(K9<=45,J9="Já existe verba aprovada para esse tema"),"Média","Baixa")))
R10: =IF(K10="","",IF(AND(K10<=45,OR(J10="Já existe verba aprovada para esse tema",J10="Entra no orçamento do próximo ciclo")),"Alta",IF(OR(K10<=45,J10="Já existe verba aprovada para esse tema"),"Média","Baixa")))
R11: =IF(K11="","",IF(AND(K11<=45,OR(J11="Já existe verba aprovada para esse tema",J11="Entra no orçamento do próximo ciclo")),"Alta",IF(OR(K11<=45,J11="Já existe verba aprovada para esse tema"),"Média","Baixa")))
R12: =IF(K12="","",IF(AND(K12<=45,OR(J12="Já existe verba aprovada para esse tema",J12="Entra no orçamento do próximo ciclo")),"Alta",IF(OR(K12<=45,J12="Já existe verba aprovada para esse tema"),"Média","Baixa")))
R13: =IF(K13="","",IF(AND(K13<=45,OR(J13="Já existe verba aprovada para esse tema",J13="Entra no orçamento do próximo ciclo")),"Alta",IF(OR(K13<=45,J13="Já existe verba aprovada para esse tema"),"Média","Baixa")))
R14: =IF(K14="","",IF(AND(K14<=45,OR(J14="Já existe verba aprovada para esse tema",J14="Entra no orçamento do próximo ciclo")),"Alta",IF(OR(K14<=45,J14="Já existe verba aprovada para esse tema"),"Média","Baixa")))
R15: =IF(K15="","",IF(AND(K15<=45,OR(J15="Já existe verba aprovada para esse tema",J15="Entra no orçamento do próximo ciclo")),"Alta",IF(OR(K15<=45,J15="Já existe verba aprovada para esse tema"),"Média","Baixa")))
R16: =IF(K16="","",IF(AND(K16<=45,OR(J16="Já existe verba aprovada para esse tema",J16="Entra no orçamento do próximo ciclo")),"Alta",IF(OR(K16<=45,J16="Já existe verba aprovada para esse tema"),"Média","Baixa")))
... R503: =IF(K503="","",IF(AND(K503<=45,OR(J503="Já existe verba aprovada para esse tema",J503="Entra no orçamento do próximo ciclo")),"Alta",IF(OR(K503<=45,J503="Já existe verba aprovada para esse tema"),"Média","Baixa")))

Sheet 03 Urgência
A1: TINNOVA COMPASS · CUSTO DE CONTINUAR COMO ESTÁ
A2: Uma linha por resposta. Média de mercado usada como referência: 48 pontos. Colunas em cinza são preenchidas por fórmula. Não digite nelas.
A3: Data | B3: Nome | C3: Empresa | D3: Cargo | E3: E-mail | F3: WhatsApp | G3: Setor | H3: Porte | I3: Dor principal | J3: Momento de investimento | K3: Score | L3: Faixa | M3: Custo operacional | N3: Escala | O3: Mercado | P3: Pressão | Q3: Frente recomendada | R3: Prioridade | S3: Duração (seg) | T3: Canal | U3: Origem | V3: Status | W3: Responsável | X3: Observações
A4: 2026-08-04 11:02 | B4: Bruna Tavares | C4: Rede Ponto Certo | D4: COO | E4: bruna.tavares@pontocerto.com.br | F4: (21) 97777-4321 | G4: Varejo, consumo ou e-commerce | H4: De 100 a 500 pessoas | I4: Reduzir trabalho manual e custo de operação | J4: Precisaríamos construir o business case primeiro | K4: 29 | L4: Janela crítica | M4: 17 | N4: 33 | O4: 33 | P4: 33 | Q4: Automação Inteligente de Processos | R4: =IF(K4="","",IF(AND(K4<=45,OR(J4="Já existe verba aprovada para esse tema",J4="Entra no orçamento do próximo ciclo")),"Alta",IF(OR(K4<=45,J4="Já existe verba aprovada para esse tema"),"Média","Baixa"))) -> Média | S4: 151 | T4: Web | U4: https://tinnova.com.br/compass/urgencia | V4: Novo
R5: =IF(K5="","",IF(AND(K5<=45,OR(J5="Já existe verba aprovada para esse tema",J5="Entra no orçamento do próximo ciclo")),"Alta",IF(OR(K5<=45,J5="Já existe verba aprovada para esse tema"),"Média","Baixa")))
R6: =IF(K6="","",IF(AND(K6<=45,OR(J6="Já existe verba aprovada para esse tema",J6="Entra no orçamento do próximo ciclo")),"Alta",IF(OR(K6<=45,J6="Já existe verba aprovada para esse tema"),"Média","Baixa")))
R7: =IF(K7="","",IF(AND(K7<=45,OR(J7="Já existe verba aprovada para esse tema",J7="Entra no orçamento do próximo ciclo")),"Alta",IF(OR(K7<=45,J7="Já existe verba aprovada para esse tema"),"Média","Baixa")))
R8: =IF(K8="","",IF(AND(K8<=45,OR(J8="Já existe verba aprovada para esse tema",J8="Entra no orçamento do próximo ciclo")),"Alta",IF(OR(K8<=45,J8="Já existe verba aprovada para esse tema"),"Média","Baixa")))
R9: =IF(K9="","",IF(AND(K9<=45,OR(J9="Já existe verba aprovada para esse tema",J9="Entra no orçamento do próximo ciclo")),"Alta",IF(OR(K9<=45,J9="Já existe verba aprovada para esse tema"),"Média","Baixa")))
R10: =IF(K10="","",IF(AND(K10<=45,OR(J10="Já existe verba aprovada para esse tema",J10="Entra no orçamento do próximo ciclo")),"Alta",IF(OR(K10<=45,J10="Já existe verba aprovada para esse tema"),"Média","Baixa")))
R11: =IF(K11="","",IF(AND(K11<=45,OR(J11="Já existe verba aprovada para esse tema",J11="Entra no orçamento do próximo ciclo")),"Alta",IF(OR(K11<=45,J11="Já existe verba aprovada para esse tema"),"Média","Baixa")))
R12: =IF(K12="","",IF(AND(K12<=45,OR(J12="Já existe verba aprovada para esse tema",J12="Entra no orçamento do próximo ciclo")),"Alta",IF(OR(K12<=45,J12="Já existe verba aprovada para esse tema"),"Média","Baixa")))
R13: =IF(K13="","",IF(AND(K13<=45,OR(J13="Já existe verba aprovada para esse tema",J13="Entra no orçamento do próximo ciclo")),"Alta",IF(OR(K13<=45,J13="Já existe verba aprovada para esse tema"),"Média","Baixa")))
R14: =IF(K14="","",IF(AND(K14<=45,OR(J14="Já existe verba aprovada para esse tema",J14="Entra no orçamento do próximo ciclo")),"Alta",IF(OR(K14<=45,J14="Já existe verba aprovada para esse tema"),"Média","Baixa")))
R15: =IF(K15="","",IF(AND(K15<=45,OR(J15="Já existe verba aprovada para esse tema",J15="Entra no orçamento do próximo ciclo")),"Alta",IF(OR(K15<=45,J15="Já existe verba aprovada para esse tema"),"Média","Baixa")))
R16: =IF(K16="","",IF(AND(K16<=45,OR(J16="Já existe verba aprovada para esse tema",J16="Entra no orçamento do próximo ciclo")),"Alta",IF(OR(K16<=45,J16="Já existe verba aprovada para esse tema"),"Média","Baixa")))
... R503: =IF(K503="","",IF(AND(K503<=45,OR(J503="Já existe verba aprovada para esse tema",J503="Entra no orçamento do próximo ciclo")),"Alta",IF(OR(K503<=45,J503="Já existe verba aprovada para esse tema"),"Média","Baixa")))

Sheet LEIA-ME
A1: TINNOVA COMPASS · COMO ALIMENTAR ESTA PLANILHA
B3: O que é
B4: Cada diagnóstico do Compass grava uma linha por resposta na sua aba. As três abas têm exatamente as mesmas colunas de captura, mudando apenas as colunas de dimensão no meio.
B5: A linha em azul e itálico de cada aba é um exemplo do formato esperado. APAGUE ESSA LINHA antes de publicar os diagnósticos. Enquanto ela existir, o Painel a conta como se fosse um lead real.
B7: Ligando o formulário à planilha
B8: 1. Abra esta planilha no Google Sheets (Arquivo → Importar). O passo a passo abaixo usa o Google Apps Script, que é gratuito e não exige servidor.
B9: 2. No Google Sheets, vá em Extensões → Apps Script e cole o código da seção seguinte.
B10: 3. Clique em Implantar → Nova implantação → tipo "App da Web". Em "Quem pode acessar", escolha "Qualquer pessoa". Copie a URL gerada.
B11: 4. Abra cada arquivo HTML do diagnóstico, procure a linha que começa com const WEBHOOK_URL e cole a URL entre as aspas. Salve e publique.
B12: 5. Faça um teste preenchendo o diagnóstico. A linha deve aparecer na aba correspondente em poucos segundos.
B14: Código do Apps Script
B15: function doPost(e) {
B16: var dados = JSON.parse(e.postData.contents);
... B51: Se preferir enviar direto para um CRM em vez do Sheets, o mesmo objeto JSON pode ser apontado para qualquer endpoint: basta trocar a URL em WEBHOOK_URL.
